{"subject 1": {"encrypted_text": "gAAAAABn9bViIn6Wk9CZsel7OVOpJsFA6CeIJlwsgaofCy7ur8ZGyE6l54aFD3ZkpFCHQihImWHHSaE0940VJir5EUd_xT1R94QTG_wKHaPAEM8bb__uK1g=", "passkey": "4cb532c72bbe8a2af4d9ddc3dd8b0ac3$a61f00a59252d5de549a16ca235ced6989f5a1ce64dc776ca9bc60c507116a65", "timestamp": "2025-04-09T04:46:43.138390"}, "data_2": {"encrypted_text": "gAAAAABn9pO4o6kXtHNGfpPg-S5npztoh4pCo1blEsYjdQAqLG8d15_MMAQ4nv0jbI1Ww_lGPee_QorGZZVohH-ZR7X_hw5JafPnDRAVaDHxKaeQbCISmik=", "passkey": "c19de8169995f68e93fe36ce53bf4333$b3e9b27de6d4bea1cf43f5db0d8a013bf3d47959dfd5b820607a2c6f1860f690", "timestamp": "2025-04-09T20:35:20.565946"}, "sub 2": {"encrypted_text": "gAAAAABn9pPeAaPHM_Rf3K5KGO_KmnMV1lG5kalcLsfQjUps1xwv_fvcemO4F-bcgYkxQ6xP6Hp9pxn7arj14huLCElHzIhJSHbXKcz_a-__pNR0XGO0NzQ=", "passkey": "8dc0c4f8925fe477d0f2da1dd4969999$247d5035c3e6b84a2c54392a56f19a5a95b3530794ad7edbe6cab35f374ee9bd", "timestamp": "2025-04-09T20:35:58.734275"}, "quarter 3": {"encrypted_text": "gAAAAABn9sM6og311FQqvvcE7IbOpDBto2U99VZMvTQ9utRoH9lacKq8D53Tn1Dycg1Nc8H_4NSyoG3eRSuEWd1SQ3htpAZA1OKQBkhlPJl3QjMhcVnKqro=", "passkey": "2cf46cc558935720ed91651ffea1d3f2$39c87388dc6aafe95547559b9ca4d16f48d4f460c966a435fd7c6bd3432fb409", "timestamp": "2025-04-09T23:58:02.768210"}, "jenjw": {"encrypted_text": "gAAAAABn9utA6RYIPRa5R31XTk1OpISLVFloxL2b_2Wb0MA_-0lWkO4hOYdBAcnjVDAkKdf5yuIJ2q_uR8GfeqOwIo1LEbvo4w==", "passkey": "c9a4d7e07685d835fd37c09b2c08a406$a25f4af4e3c12e319bc75c6119f62c8627e1e7ebc715a41be51d461a16ba89d9", "timestamp": "2025-04-10T02:48:48.631246"}, " sdfhdb": {"encrypted_text": "gAAAAABn9uuKAgWg-VNGnq0xRBX_ZgZf1AVGCnfPisJY5ZNaQDbjjSRJjY0IEmfN2ZEzu4OUJES0pWwOgbQ0U6beRBPaDkvHTw==", "passkey": "1986eb447974cd61c00e3bb63fd27d95$690254584ed05bee89cc4bcc000bfcb283212d4a71bb5f1fb464b73dfd614868", "timestamp": "2025-04-10T02:50:02.402027"}, "efhbrefe": {"encrypted_text": "gAAAAABn9uxPyYDTW-ZW8hD1KcEgbmruhdUOhYFsqme-O_2Wq1IbdDQPS63w_cr2SVRo6tHgPIVE0pnRriXaqefg7Y9jw3m9aA==", "passkey": "ede4ee051ee88721d667b7dc3875212e$a0c5324ef893a240e4e3570084267106173677360b87dcff1466c415074c92e7", "timestamp": "2025-04-10T02:53:19.359645"}}